Session_Id,Source_Key,Device_Key,Location_Key,Page_Views_Per_Session,duration,date_col
101,29,58,63,1,0,2020-01-01
114,76,61,73,1,0,2020-01-02
120,7,20,46,1,0,2020-01-03
164,60,44,1,1,0,2020-01-04
229,31,89,52,1,0,2020-01-05
235,10,15,85,1,0,2020-01-06
328,22,73,96,1,0,2020-01-07
400,91,68,49,1,0,2020-01-08
433,9,16,50,1,0,2020-01-09
492,12,40,45,1,0,2020-01-10
547,43,77,51,1,0,2020-01-11
618,5,13,20,1,0,2020-01-12
632,88,61,72,1,0,2020-01-13
45,92,3,47,1,0,2020-01-14
57,68,6,35,1,0,2020-01-15
64,69,8,41,1,0,2020-01-16
65,32,66,12,1,0,2020-01-17
68,89,22,37,1,0,2020-01-18
172,9,76,44,1,0,2020-01-19
240,45,86,55,1,0,2020-01-20
269,88,5,96,1,0,2020-01-21
270,23,2,78,1,0,2020-01-22
274,29,93,51,1,0,2020-01-23
363,58,86,22,1,0,2020-01-24
411,4,52,67,1,0,2020-01-25
457,24,29,86,1,0,2020-01-26
471,50,92,65,1,0,2020-01-27
539,69,45,60,1,0,2020-01-28
623,29,80,47,1,0,2020-01-29
117,88,32,46,1,0,2020-01-30
205,10,41,34,1,0,2020-01-31
264,5,45,8,1,0,2020-02-01
278,63,14,72,1,0,2020-02-02
313,21,64,18,1,0,2020-02-03
380,20,18,22,1,0,2020-02-04
386,18,58,70,1,0,2020-02-05
455,52,63,17,1,0,2020-02-06
472,95,25,20,1,0,2020-02-07
705,19,88,47,1,0,2020-02-08
47,69,51,81,1,0,2020-02-09
53,27,71,100,1,0,2020-02-10
83,98,69,100,1,0,2020-02-11
149,66,84,92,1,0,2020-02-12
186,3,2,40,1,0,2020-02-13
355,95,60,51,1,0,2020-02-14
369,38,31,99,1,0,2020-02-15
431,21,42,55,1,0,2020-02-16
436,4,33,51,1,0,2020-02-17
463,32,92,61,1,0,2020-02-18
480,34,92,41,1,0,2020-02-19
504,65,41,100,1,0,2020-02-20
510,86,59,55,1,0,2020-02-21
533,33,28,29,1,0,2020-02-22
584,92,46,47,1,0,2020-02-23
609,63,19,66,1,0,2020-02-24
621,33,17,55,1,0,2020-02-25
691,36,31,62,1,0,2020-02-26
698,65,72,15,1,0,2020-02-27
108,67,56,51,1,0,2020-02-28
137,78,13,21,1,0,2020-02-29
145,64,22,29,1,0,2020-03-01
159,18,86,80,1,0,2020-03-02
166,62,94,68,1,0,2020-03-03
201,62,45,70,1,0,2020-03-04
288,60,52,14,1,0,2020-03-05
290,38,90,43,1,0,2020-03-06
373,14,34,76,1,0,2020-03-07
407,85,86,85,1,0,2020-03-08
454,89,2,4,1,0,2020-03-09
468,98,65,6,1,0,2020-03-10
39,23,1,95,2,180,2020-03-11
48,32,6,62,2,180,2020-03-12
99,56,28,36,2,180,2020-03-13
161,43,91,87,2,180,2020-03-14
162,11,15,73,2,180,2020-03-15
281,61,78,95,2,180,2020-03-16
357,60,30,84,2,180,2020-03-17
392,12,74,38,2,180,2020-03-18
410,18,43,64,2,180,2020-03-19
442,62,43,46,2,180,2020-03-20
536,80,7,83,2,180,2020-03-21
571,48,52,18,2,180,2020-03-22
692,65,88,31,2,180,2020-03-23
712,85,85,59,2,180,2020-03-24
26,49,64,62,2,240,2020-03-25
192,10,6,78,2,240,2020-03-26
220,53,64,19,2,240,2020-03-27
261,25,25,56,2,240,2020-03-28
262,18,77,88,2,240,2020-03-29
340,27,61,6,2,240,2020-03-30
378,58,58,72,2,240,2020-03-31
390,51,12,19,2,240,2020-04-01
397,23,37,98,2,240,2020-04-02
447,11,77,12,2,240,2020-04-03
449,58,89,79,2,240,2020-04-04
551,73,70,72,2,240,2020-04-05
567,42,2,61,2,240,2020-04-06
586,100,27,56,2,240,2020-04-07
604,82,50,51,2,240,2020-04-08
647,54,91,98,2,240,2020-04-09
695,33,36,18,2,240,2020-04-10
5,11,26,26,2,300,2020-04-11
25,17,37,98,2,300,2020-04-12
78,87,95,19,2,300,2020-04-13
285,35,30,91,2,300,2020-04-14
311,44,34,31,2,300,2020-04-15
329,33,76,31,2,300,2020-04-16
406,71,99,98,2,300,2020-04-17
419,57,5,23,2,300,2020-04-18
560,93,59,95,2,300,2020-04-19
629,52,83,59,2,300,2020-04-20
642,71,81,9,2,300,2020-04-21
682,61,58,44,2,300,2020-04-22
116,89,63,21,2,360,2020-04-23
126,15,33,55,2,360,2020-04-24
221,33,3,15,2,360,2020-04-25
263,12,18,23,2,360,2020-04-26
319,55,13,72,2,360,2020-04-27
361,94,31,53,2,360,2020-04-28
388,97,76,58,2,360,2020-04-29
429,49,100,13,2,360,2020-04-30
458,12,64,38,2,360,2020-05-01
479,52,72,82,2,360,2020-05-02
511,29,21,11,2,360,2020-05-03
637,47,65,12,2,360,2020-05-04
675,91,31,14,2,360,2020-05-05
728,22,63,36,2,360,2020-05-06
1,97,1,5,2,420,2020-05-07
50,85,63,88,2,420,2020-05-08
71,43,33,8,2,420,2020-05-09
234,33,78,93,2,420,2020-05-10
257,27,28,19,2,420,2020-05-11
267,52,37,62,2,420,2020-05-12
289,28,54,63,2,420,2020-05-13
341,2,57,46,2,420,2020-05-14
356,82,71,10,2,420,2020-05-15
404,30,21,38,2,420,2020-05-16
409,81,93,5,2,420,2020-05-17
452,24,54,50,2,420,2020-05-18
484,99,9,71,2,420,2020-05-19
559,60,39,31,2,420,2020-05-20
607,48,80,65,2,420,2020-05-21
707,54,42,99,2,420,2020-05-22
170,95,5,40,2,480,2020-05-23
203,44,97,84,2,480,2020-05-24
246,34,37,8,2,480,2020-05-25
405,7,44,5,2,480,2020-05-26
435,36,74,96,2,480,2020-05-27
443,62,20,19,2,480,2020-05-28
527,31,40,73,2,480,2020-05-29
689,26,51,43,2,480,2020-05-30
696,91,4,35,2,480,2020-05-31
710,50,18,94,2,480,2020-06-01
731,75,57,20,2,480,2020-06-02
154,36,11,15,2,540,2020-06-03
256,30,74,47,2,540,2020-06-04
272,47,69,4,2,540,2020-06-05
293,70,15,87,2,540,2020-06-06
310,71,48,52,2,540,2020-06-07
650,49,13,41,2,540,2020-06-08
723,38,44,42,2,540,2020-06-09
21,60,71,53,2,600,2020-06-10
84,61,79,25,2,600,2020-06-11
91,39,13,49,2,600,2020-06-12
95,23,48,89,2,600,2020-06-13
129,28,65,40,2,600,2020-06-14
147,77,42,94,2,600,2020-06-15
478,45,84,28,2,600,2020-06-16
485,90,83,65,2,600,2020-06-17
505,69,76,12,2,600,2020-06-18
631,90,40,56,2,600,2020-06-19
674,46,10,67,2,600,2020-06-20
76,81,67,40,2,660,2020-06-21
100,63,44,47,2,660,2020-06-22
209,25,42,90,2,660,2020-06-23
322,76,52,38,2,660,2020-06-24
331,94,60,73,2,660,2020-06-25
428,45,23,29,2,660,2020-06-26
460,11,79,24,2,660,2020-06-27
515,77,60,90,2,660,2020-06-28
640,40,35,37,2,660,2020-06-29
81,25,17,58,2,720,2020-06-30
279,22,33,87,2,720,2020-07-01
295,21,42,90,2,720,2020-07-02
377,72,48,11,2,720,2020-07-03
413,72,25,11,2,720,2020-07-04
439,86,5,73,2,720,2020-07-05
498,63,58,63,2,720,2020-07-06
613,72,54,43,2,720,2020-07-07
614,48,23,82,2,720,2020-07-08
11,30,66,84,2,780,2020-07-09
223,22,78,91,2,780,2020-07-10
282,40,100,73,2,780,2020-07-11
352,21,68,78,2,780,2020-07-12
434,73,49,24,2,780,2020-07-13
450,57,80,40,2,780,2020-07-14
462,90,98,15,2,780,2020-07-15
591,77,8,50,2,780,2020-07-16
633,36,71,53,2,780,2020-07-17
697,10,86,100,2,780,2020-07-18
36,18,23,75,2,840,2020-07-19
202,94,68,19,2,840,2020-07-20
243,86,51,96,2,840,2020-07-21
253,72,94,82,2,840,2020-07-22
296,28,42,94,2,840,2020-07-23
437,40,6,23,2,840,2020-07-24
552,66,65,14,2,840,2020-07-25
595,70,20,54,2,840,2020-07-26
722,33,53,57,2,840,2020-07-27
82,65,91,36,2,900,2020-07-28
254,56,14,18,2,900,2020-07-29
368,86,2,96,2,900,2020-07-30
396,87,70,75,2,900,2020-07-31
583,10,81,85,2,900,2020-08-01
641,45,52,68,2,900,2020-08-02
690,53,62,23,2,900,2020-08-03
132,77,37,26,2,960,2020-08-04
217,39,16,88,2,960,2020-08-05
297,52,15,38,2,960,2020-08-06
334,73,38,15,2,960,2020-08-07
394,95,91,72,2,960,2020-08-08
395,60,8,24,2,960,2020-08-09
711,79,88,65,2,960,2020-08-10
724,74,5,80,2,960,2020-08-11
2,80,2,97,2,1020,2020-08-12
35,49,97,2,2,1020,2020-08-13
62,19,18,44,2,1020,2020-08-14
67,63,48,69,2,1020,2020-08-15
239,69,95,73,2,1020,2020-08-16
332,32,40,22,2,1020,2020-08-17
351,60,18,85,2,1020,2020-08-18
385,49,29,1,2,1020,2020-08-19
424,65,23,31,2,1020,2020-08-20
513,47,30,4,2,1020,2020-08-21
526,81,79,38,2,1020,2020-08-22
634,66,32,100,2,1020,2020-08-23
659,4,57,44,2,1020,2020-08-24
40,71,10,25,2,1080,2020-08-25
112,77,65,39,3,180,2020-08-26
123,77,23,98,3,180,2020-08-27
249,36,96,67,3,180,2020-08-28
364,20,5,76,3,180,2020-08-29
375,21,64,60,3,180,2020-08-30
376,7,26,62,3,180,2020-08-31
464,59,34,11,3,180,2020-09-01
467,63,97,52,3,180,2020-09-02
518,34,5,66,3,180,2020-09-03
521,37,63,90,3,180,2020-09-04
662,3,88,52,3,180,2020-09-05
687,51,55,92,3,180,2020-09-06
715,21,86,97,3,180,2020-09-07
58,61,84,36,3,240,2020-09-08
125,59,80,57,3,240,2020-09-09
152,100,8,77,3,240,2020-09-10
181,16,62,9,3,240,2020-09-11
294,22,31,64,3,240,2020-09-12
327,5,86,61,3,240,2020-09-13
475,12,35,84,3,240,2020-09-14
509,12,81,99,3,240,2020-09-15
681,97,44,6,3,240,2020-09-16
726,63,24,70,3,240,2020-09-17
38,30,55,60,3,300,2020-09-18
105,15,97,34,3,300,2020-09-19
179,1,11,66,3,300,2020-09-20
194,62,10,91,3,300,2020-09-21
195,84,57,94,3,300,2020-09-22
198,9,68,78,3,300,2020-09-23
208,70,13,72,3,300,2020-09-24
306,91,15,23,3,300,2020-09-25
466,92,85,48,3,300,2020-09-26
549,79,42,7,3,300,2020-09-27
93,100,25,26,3,360,2020-09-28
97,22,95,43,3,360,2020-09-29
134,19,72,8,3,360,2020-09-30
241,95,88,22,3,360,2020-10-01
250,73,84,98,3,360,2020-10-02
260,91,97,9,3,360,2020-10-03
362,51,70,91,3,360,2020-10-04
365,26,61,85,3,360,2020-10-05
522,34,94,20,3,360,2020-10-06
597,20,83,21,3,360,2020-10-07
598,3,64,52,3,360,2020-10-08
616,92,78,12,3,360,2020-10-09
693,95,47,67,3,360,2020-10-10
27,10,14,97,3,420,2020-10-11
88,28,22,62,3,420,2020-10-12
106,60,30,47,3,420,2020-10-13
119,19,6,31,3,420,2020-10-14
199,38,8,46,3,420,2020-10-15
206,1,53,79,3,420,2020-10-16
309,47,88,77,3,420,2020-10-17
323,70,65,15,3,420,2020-10-18
333,87,93,58,3,420,2020-10-19
358,63,74,85,3,420,2020-10-20
402,46,75,76,3,420,2020-10-21
476,72,61,36,3,420,2020-10-22
670,52,76,30,3,420,2020-10-23
717,46,86,73,3,420,2020-10-24
29,33,20,3,3,480,2020-10-25
41,88,45,82,3,480,2020-10-26
46,57,21,76,3,480,2020-10-27
133,51,33,83,3,480,2020-10-28
139,7,6,48,3,480,2020-10-29
315,79,15,99,3,480,2020-10-30
342,21,99,74,3,480,2020-10-31
349,63,54,37,3,480,2020-11-01
415,15,13,25,3,480,2020-11-02
520,21,18,19,3,480,2020-11-03
582,98,10,97,3,480,2020-11-04
587,50,63,49,3,480,2020-11-05
602,71,97,28,3,480,2020-11-06
709,26,53,78,3,480,2020-11-07
14,35,11,42,3,540,2020-11-08
23,10,19,9,3,540,2020-11-09
387,78,28,29,3,540,2020-11-10
491,86,97,43,3,540,2020-11-11
544,12,88,83,3,540,2020-11-12
33,54,4,42,3,600,2020-11-13
60,76,98,56,3,600,2020-11-14
89,28,37,52,3,600,2020-11-15
286,69,15,44,3,600,2020-11-16
473,94,88,27,3,600,2020-11-17
507,71,82,8,3,600,2020-11-18
508,18,88,54,3,600,2020-11-19
529,68,56,53,3,600,2020-11-20
573,39,76,1,3,600,2020-11-21
578,47,40,26,3,600,2020-11-22
644,60,37,92,3,600,2020-11-23
729,52,41,38,3,600,2020-11-24
9,36,43,11,3,660,2020-11-25
54,85,29,44,3,660,2020-11-26
63,22,35,47,3,660,2020-11-27
92,87,64,89,3,660,2020-11-28
124,29,33,7,3,660,2020-11-29
230,76,16,87,3,660,2020-11-30
301,68,73,80,3,660,2020-12-01
421,11,13,59,3,660,2020-12-02
446,38,5,8,3,660,2020-12-03
503,76,63,75,3,660,2020-12-04
516,92,100,7,3,660,2020-12-05
643,60,80,80,3,660,2020-12-06
668,16,70,64,3,660,2020-12-07
673,83,30,95,3,660,2020-12-08
6,10,23,10,3,720,2020-12-09
90,49,12,5,3,720,2020-12-10
107,97,71,77,3,720,2020-12-11
218,6,31,84,3,720,2020-12-12
287,57,29,79,3,720,2020-12-13
343,88,97,18,3,720,2020-12-14
344,68,80,42,3,720,2020-12-15
423,83,37,14,3,720,2020-12-16
426,67,56,97,3,720,2020-12-17
486,25,90,8,3,720,2020-12-18
493,22,68,88,3,720,2020-12-19
679,18,95,98,3,720,2020-12-20
699,19,87,48,3,720,2020-12-21
730,48,31,38,3,720,2020-12-22
42,55,74,23,3,780,2020-12-23
110,47,37,1,3,780,2020-12-24
127,29,27,32,3,780,2020-12-25
158,86,52,3,3,780,2020-12-26
338,5,4,89,3,780,2020-12-27
489,56,72,87,3,780,2020-12-28
500,49,91,36,3,780,2020-12-29
626,94,1,84,3,780,2020-12-30
721,79,99,9,3,780,2020-12-31
34,22,47,34,3,840,2021-01-01
121,100,60,90,3,840,2021-01-02
130,21,14,48,3,840,2021-01-03
211,72,35,80,3,840,2021-01-04
420,48,94,37,3,840,2021-01-05
461,48,9,22,3,840,2021-01-06
541,9,75,82,3,840,2021-01-07
545,41,44,27,3,840,2021-01-08
577,69,23,15,3,840,2021-01-09
579,73,38,14,3,840,2021-01-10
639,10,9,78,3,840,2021-01-11
7,36,38,32,3,900,2021-01-12
24,58,88,37,3,900,2021-01-13
128,44,76,50,3,900,2021-01-14
268,81,96,100,3,900,2021-01-15
488,79,22,54,3,900,2021-01-16
497,66,21,63,3,900,2021-01-17
581,73,13,80,3,900,2021-01-18
677,43,68,53,3,900,2021-01-19
156,17,39,36,3,960,2021-01-20
157,78,88,72,3,960,2021-01-21
180,74,26,18,3,960,2021-01-22
193,61,52,35,3,960,2021-01-23
200,51,6,41,3,960,2021-01-24
291,96,56,43,3,960,2021-01-25
308,67,89,83,3,960,2021-01-26
325,100,61,16,3,960,2021-01-27
383,10,33,86,3,960,2021-01-28
440,76,94,55,3,960,2021-01-29
610,34,28,100,3,960,2021-01-30
683,49,83,9,3,960,2021-01-31
98,7,13,49,3,1020,2021-02-01
259,68,58,68,3,1020,2021-02-02
384,7,91,53,3,1020,2021-02-03
570,84,66,32,3,1020,2021-02-04
574,36,47,79,3,1020,2021-02-05
638,18,57,99,3,1020,2021-02-06
719,32,99,15,3,1020,2021-02-07
15,79,8,74,3,1080,2021-02-08
31,75,74,21,3,1080,2021-02-09
554,23,72,14,4,420,2021-02-10
561,82,100,96,4,420,2021-02-11
569,51,71,6,4,420,2021-02-12
611,87,5,40,4,420,2021-02-13
619,62,46,81,4,420,2021-02-14
635,31,58,59,4,420,2021-02-15
16,46,42,12,4,480,2021-02-16
61,40,34,28,4,480,2021-02-17
148,81,49,37,4,480,2021-02-18
160,100,39,42,4,480,2021-02-19
215,9,66,14,4,480,2021-02-20
219,59,89,97,4,480,2021-02-21
252,77,72,57,4,480,2021-02-22
382,15,7,100,4,480,2021-02-23
430,54,29,52,4,480,2021-02-24
568,20,19,74,4,480,2021-02-25
658,90,44,73,4,480,2021-02-26
103,30,52,98,4,540,2021-02-27
265,83,38,1,4,540,2021-02-28
366,66,81,28,4,540,2021-03-01
403,73,35,88,4,540,2021-03-02
422,85,28,55,4,540,2021-03-03
512,96,40,71,4,540,2021-03-04
617,26,42,87,4,540,2021-03-05
685,10,21,68,4,540,2021-03-06
135,44,100,91,4,600,2021-03-07
247,73,20,50,4,600,2021-03-08
336,49,77,94,4,600,2021-03-09
374,59,15,64,4,600,2021-03-10
550,67,60,86,4,600,2021-03-11
580,57,27,66,4,600,2021-03-12
686,36,62,52,4,600,2021-03-13
102,4,25,23,4,660,2021-03-14
448,56,86,51,4,660,2021-03-15
469,25,10,67,4,660,2021-03-16
660,66,49,99,4,660,2021-03-17
671,38,95,19,4,660,2021-03-18
708,70,49,100,4,660,2021-03-19
18,41,74,4,4,720,2021-03-20
30,43,36,3,4,720,2021-03-21
146,64,95,42,4,720,2021-03-22
191,56,51,68,4,720,2021-03-23
266,47,68,94,4,720,2021-03-24
303,72,72,98,4,720,2021-03-25
360,27,20,55,4,720,2021-03-26
506,16,84,3,4,720,2021-03-27
542,83,51,92,4,720,2021-03-28
599,61,37,81,4,720,2021-03-29
706,24,32,65,4,720,2021-03-30
720,63,56,50,4,720,2021-03-31
150,94,51,19,4,780,2021-04-01
151,98,60,69,4,780,2021-04-02
596,56,47,64,4,780,2021-04-03
654,43,36,98,4,780,2021-04-04
716,16,65,20,4,780,2021-04-05
13,29,37,44,4,840,2021-04-06
298,97,60,80,4,840,2021-04-07
307,63,77,21,4,840,2021-04-08
399,27,64,46,4,840,2021-04-09
408,91,50,85,4,840,2021-04-10
494,24,12,60,4,840,2021-04-11
528,82,34,85,4,840,2021-04-12
593,98,56,31,4,840,2021-04-13
694,74,30,31,4,840,2021-04-14
32,91,30,68,4,900,2021-04-15
77,66,57,17,4,900,2021-04-16
96,65,75,20,4,900,2021-04-17
165,38,3,89,4,900,2021-04-18
350,34,91,90,4,900,2021-04-19
370,99,98,60,4,900,2021-04-20
524,44,95,96,4,900,2021-04-21
585,10,42,28,4,900,2021-04-22
608,10,65,16,4,900,2021-04-23
661,36,32,87,4,900,2021-04-24
56,67,65,42,4,960,2021-04-25
74,17,9,6,4,960,2021-04-26
173,9,31,19,4,960,2021-04-27
212,9,81,24,4,960,2021-04-28
300,57,61,70,4,960,2021-04-29
318,87,84,88,4,960,2021-04-30
401,68,18,17,4,960,2021-05-01
556,2,76,98,4,960,2021-05-02
572,4,38,70,4,960,2021-05-03
575,70,77,55,4,960,2021-05-04
624,6,91,41,4,960,2021-05-05
628,68,34,92,4,960,2021-05-06
684,22,35,99,4,960,2021-05-07
713,35,82,95,4,960,2021-05-08
188,80,76,38,4,1020,2021-05-09
213,68,56,93,4,1020,2021-05-10
245,19,7,43,4,1020,2021-05-11
284,44,61,87,4,1020,2021-05-12
321,22,47,61,4,1020,2021-05-13
348,14,26,1,4,1020,2021-05-14
487,17,42,70,4,1020,2021-05-15
499,50,56,44,4,1020,2021-05-16
44,2,47,28,4,1080,2021-05-17
153,36,88,74,4,1080,2021-05-18
183,63,36,54,4,1080,2021-05-19
324,78,73,100,4,1080,2021-05-20
326,74,82,54,4,1080,2021-05-21
371,44,41,71,4,1080,2021-05-22
495,8,71,39,4,1080,2021-05-23
627,38,86,77,4,1080,2021-05-24
655,97,73,82,4,1080,2021-05-25
657,17,37,42,4,1080,2021-05-26
22,4,25,35,4,1140,2021-05-27
176,19,50,23,4,1140,2021-05-28
316,12,7,54,4,1140,2021-05-29
414,30,85,8,4,1140,2021-05-30
530,5,37,16,4,1140,2021-05-31
630,1,6,78,4,1140,2021-06-01
232,26,60,93,4,1200,2021-06-02
283,1,47,47,4,1200,2021-06-03
379,8,95,62,4,1200,2021-06-04
389,66,55,96,4,1200,2021-06-05
444,19,7,21,4,1200,2021-06-06
564,69,2,30,4,1200,2021-06-07
600,92,60,79,4,1200,2021-06-08
702,88,48,77,4,1200,2021-06-09
727,20,53,46,4,1200,2021-06-10
477,40,39,24,5,420,2021-06-11
555,79,24,15,5,420,2021-06-12
562,33,93,8,5,420,2021-06-13
49,60,100,63,5,480,2021-06-14
72,99,18,23,5,480,2021-06-15
167,4,23,45,5,480,2021-06-16
398,60,91,78,5,480,2021-06-17
474,23,91,19,5,480,2021-06-18
540,47,27,84,5,480,2021-06-19
557,84,9,4,5,480,2021-06-20
605,31,2,14,5,480,2021-06-21
649,74,55,46,5,480,2021-06-22
725,45,88,12,5,480,2021-06-23
79,16,29,59,5,540,2021-06-24
169,19,22,4,5,540,2021-06-25
171,17,20,59,5,540,2021-06-26
174,32,26,38,5,540,2021-06-27
330,57,87,75,5,540,2021-06-28
525,68,2,64,5,540,2021-06-29
592,9,71,72,5,540,2021-06-30
645,71,55,78,5,540,2021-07-01
653,29,57,77,5,540,2021-07-02
28,26,57,55,5,600,2021-07-03
144,50,69,52,5,600,2021-07-04
622,12,41,34,5,600,2021-07-05
4,8,83,66,5,660,2021-07-06
86,39,40,47,5,660,2021-07-07
190,76,36,74,5,660,2021-07-08
197,30,62,49,5,660,2021-07-09
222,85,55,81,5,660,2021-07-10
292,3,53,86,5,660,2021-07-11
346,98,90,44,5,660,2021-07-12
354,13,20,21,5,660,2021-07-13
69,88,28,7,5,720,2021-07-14
207,35,63,41,5,720,2021-07-15
224,39,87,51,5,720,2021-07-16
432,38,62,63,5,720,2021-07-17
636,90,62,71,5,720,2021-07-18
703,52,28,67,5,720,2021-07-19
714,67,39,1,5,720,2021-07-20
19,76,69,81,5,780,2021-07-21
59,83,75,38,5,780,2021-07-22
70,1,28,42,5,780,2021-07-23
94,34,25,2,5,780,2021-07-24
131,44,62,53,5,780,2021-07-25
12,88,34,6,5,840,2021-07-26
115,23,50,95,5,840,2021-07-27
136,59,56,97,5,840,2021-07-28
185,19,31,61,5,840,2021-07-29
189,44,23,85,5,840,2021-07-30
242,29,73,94,5,840,2021-07-31
277,33,12,90,5,840,2021-08-01
347,38,37,30,5,840,2021-08-02
501,29,60,87,5,840,2021-08-03
531,23,11,24,5,840,2021-08-04
563,83,81,60,5,840,2021-08-05
603,84,100,51,5,840,2021-08-06
648,73,94,54,5,840,2021-08-07
718,3,36,65,5,840,2021-08-08
37,54,90,78,5,900,2021-08-09
43,70,98,86,5,900,2021-08-10
138,50,5,60,5,900,2021-08-11
163,50,69,40,5,900,2021-08-12
177,46,69,49,5,900,2021-08-13
216,77,24,59,5,900,2021-08-14
337,84,19,26,5,900,2021-08-15
353,49,6,38,5,900,2021-08-16
566,1,44,25,5,900,2021-08-17
594,83,74,100,5,900,2021-08-18
601,91,69,96,5,900,2021-08-19
615,80,8,96,5,900,2021-08-20
620,29,4,35,5,900,2021-08-21
625,95,24,84,5,900,2021-08-22
80,43,2,44,5,960,2021-08-23
85,43,98,9,5,960,2021-08-24
155,31,92,87,5,960,2021-08-25
182,13,77,25,5,960,2021-08-26
227,10,4,54,5,960,2021-08-27
236,36,64,64,5,960,2021-08-28
317,86,58,6,5,960,2021-08-29
367,28,71,46,5,960,2021-08-30
576,86,52,21,5,960,2021-08-31
678,24,63,100,5,960,2021-09-01
75,82,56,47,5,1020,2021-09-02
143,54,43,3,5,1020,2021-09-03
175,14,32,63,5,1020,2021-09-04
228,81,17,88,5,1020,2021-09-05
251,39,33,16,5,1020,2021-09-06
271,98,85,41,5,1020,2021-09-07
345,82,86,44,5,1020,2021-09-08
359,44,39,71,5,1020,2021-09-09
391,68,77,65,5,1020,2021-09-10
393,79,99,73,5,1020,2021-09-11
427,91,41,58,5,1020,2021-09-12
532,78,99,50,5,1020,2021-09-13
558,11,17,64,5,1020,2021-09-14
651,73,24,39,5,1020,2021-09-15
51,3,6,4,5,1080,2021-09-16
73,49,63,1,5,1080,2021-09-17
113,78,9,97,5,1080,2021-09-18
276,17,42,28,5,1080,2021-09-19
320,80,96,35,5,1080,2021-09-20
416,59,91,49,5,1080,2021-09-21
425,79,3,43,5,1080,2021-09-22
438,32,87,82,5,1080,2021-09-23
55,92,52,73,5,1140,2021-09-24
66,7,19,87,5,1140,2021-09-25
168,24,41,46,5,1140,2021-09-26
196,46,68,33,5,1140,2021-09-27
204,29,34,6,5,1140,2021-09-28
305,46,57,46,5,1140,2021-09-29
451,37,100,30,5,1140,2021-09-30
481,44,98,79,5,1140,2021-10-01
490,26,58,85,5,1140,2021-10-02
517,20,49,92,5,1140,2021-10-03
534,99,65,28,5,1140,2021-10-04
538,16,31,99,5,1140,2021-10-05
666,95,91,17,5,1140,2021-10-06
680,82,36,38,5,1140,2021-10-07
52,80,7,60,5,1200,2021-10-08
226,15,7,59,5,1200,2021-10-09
233,48,81,29,5,1200,2021-10-10
280,85,97,27,5,1200,2021-10-11
299,6,33,83,5,1200,2021-10-12
339,89,22,61,5,1200,2021-10-13
418,38,17,44,5,1200,2021-10-14
453,95,28,55,5,1200,2021-10-15
502,89,36,35,5,1200,2021-10-16
87,82,66,75,6,1080,2021-10-17
118,80,39,89,6,1080,2021-10-18
304,75,65,50,6,1080,2021-10-19
312,45,24,7,6,1080,2021-10-20
335,36,36,71,6,1080,2021-10-21
445,28,1,46,6,1080,2021-10-22
465,100,98,78,6,1080,2021-10-23
514,24,16,38,6,1080,2021-10-24
652,55,47,45,6,1080,2021-10-25
663,66,43,8,6,1080,2021-10-26
667,55,73,20,6,1080,2021-10-27
669,91,58,91,6,1080,2021-10-28
672,50,51,94,6,1080,2021-10-29
700,64,73,67,6,1080,2021-10-30
20,65,20,30,6,1140,2021-10-31
142,2,28,95,6,1140,2021-11-01
231,95,66,89,6,1140,2021-11-02
238,86,21,31,6,1140,2021-11-03
258,45,23,66,6,1140,2021-11-04
275,25,74,8,6,1140,2021-11-05
302,30,53,50,6,1140,2021-11-06
314,94,28,46,6,1140,2021-11-07
459,70,38,58,6,1140,2021-11-08
496,9,23,97,6,1140,2021-11-09
535,17,37,15,6,1140,2021-11-10
588,44,92,18,6,1140,2021-11-11
590,54,97,4,6,1140,2021-11-12
606,79,71,99,6,1140,2021-11-13
664,94,88,25,6,1140,2021-11-14
3,2,99,97,6,1200,2021-11-15
8,99,38,44,6,1200,2021-11-16
104,77,41,18,6,1200,2021-11-17
111,61,85,42,6,1200,2021-11-18
187,28,48,58,6,1200,2021-11-19
210,91,17,69,6,1200,2021-11-20
214,71,72,23,6,1200,2021-11-21
273,49,91,30,6,1200,2021-11-22
381,1,25,88,6,1200,2021-11-23
470,53,66,33,6,1200,2021-11-24
482,60,77,68,6,1200,2021-11-25
546,87,70,22,6,1200,2021-11-26
565,76,22,96,6,1200,2021-11-27
665,67,15,63,6,1200,2021-11-28
701,12,38,50,6,1200,2021-11-29
141,46,63,91,7,1080,2021-11-30
225,84,55,72,7,1080,2021-12-01
237,48,55,51,7,1080,2021-12-02
248,1,98,7,7,1080,2021-12-03
372,95,82,7,7,1080,2021-12-04
417,4,83,47,7,1080,2021-12-05
483,86,22,10,7,1080,2021-12-06
519,20,56,52,7,1080,2021-12-07
537,22,49,99,7,1080,2021-12-08
553,97,77,30,7,1080,2021-12-09
612,38,51,95,7,1080,2021-12-10
656,7,70,35,7,1080,2021-12-11
704,85,51,62,7,1080,2021-12-12
17,11,5,63,7,1140,2021-12-13
122,61,54,11,7,1140,2021-12-14
140,1,47,36,7,1140,2021-12-15
244,88,91,37,7,1140,2021-12-16
255,94,61,94,7,1140,2021-12-17
412,60,56,52,7,1140,2021-12-18
441,62,82,81,7,1140,2021-12-19
456,81,46,78,7,1140,2021-12-20
523,66,33,77,7,1140,2021-12-21
543,7,88,34,7,1140,2021-12-22
548,86,74,100,7,1140,2021-12-23
589,16,78,64,7,1140,2021-12-24
646,53,79,86,7,1140,2021-12-25
688,10,53,42,7,1140,2021-12-26
10,20,21,49,7,1200,2021-12-27
109,43,31,90,7,1200,2021-12-28
178,29,55,58,7,1200,2021-12-29
184,21,97,89,7,1200,2021-12-30
676,5,83,11,7,1200,2021-12-31
